FN,FP,MAE,MSE,TN,TP,sr,t
0.0,690.0,0.2730666596833489,2.454447944351357,0.0,6211.0,5,150.54166666666666
0.0,1380.0,0.24841561125175282,2.3703297261870366,0.0,5521.0,5,152.04285714285714
0.0,2070.0,0.25102728269584335,1.7866298353711323,0.0,4831.0,5,153.1529411764706
0.0,2760.0,0.239724294710689,0.972231041420988,0.0,4141.0,5,154.06666666666666
3450.6,0.0,0.2576771242732751,2.745123228472294,3450.4,0.0,5,154.83124999999995
2760.0,0.0,0.30770815642300436,2.6911024288182324,4141.0,0.0,5,155.56774193548392
2070.0,0.0,0.2552226731680124,3.717217453545202,4831.0,0.0,5,156.32666666666668
1380.0,0.0,0.24291051500484687,1.436584437954182,5521.0,0.0,5,157.02608695652177
690.0,0.0,0.2634112992726258,2.7638532160151192,6211.0,0.0,5,157.98999999999995
0.0,690.0,0.27312832723517555,1.8724797200841425,0.0,6211.0,10,150.54166666666666
198.9,1274.4,0.28117245418632003,2.6152480912919436,105.6,5322.1,10,152.04285714285714
1291.3,1462.0,0.36293695473269494,2.0363545366611664,608.0,3539.7,10,153.1529411764706
1840.8,1373.4,0.28306038648455634,2.937735431585661,1386.6,2300.2,10,154.06666666666666
1651.8,1558.2,0.3027535387856136,3.0153844999303274,1892.8,1798.2,10,154.83124999999995
1418.0,1964.6,0.31138058902289206,2.984484156019011,2176.4,1342.0,10,155.56774193548392
1263.2,1484.2,0.22164199203273877,1.7870640681189094,3346.8,806.8,10,156.32666666666668
1314.3,236.1,0.3006515012422829,3.455636529933647,5284.9,65.7,10,157.02608695652177
690.0,0.0,0.25304005543125985,2.350501625610066,6211.0,0.0,10,157.98999999999995
0.0,690.0,0.2879913223555523,2.3765099381436805,0.0,6211.0,15,150.54166666666666
718.6,1090.6,0.27695300254354216,3.285130275908306,289.4,4802.4,15,152.04285714285714
1659.6,1107.4,0.2714687772085986,1.7955408487468123,962.6,3171.4,15,153.1529411764706
1197.8,1727.5,0.275263048640937,2.590374810020247,1032.5,2943.2,15,154.06666666666666
1933.5,1303.6,0.2614639922612832,2.0931285477442945,2146.7,1517.2,15,154.83124999999995
1588.9,1423.7,0.2622602478280147,1.5491746902492047,2717.3,1171.1,15,155.56774193548392
1626.1,931.5,0.31194665973191776,4.189368898099528,3899.5,443.9,15,156.32666666666668
1182.7,596.5,0.25525002412091335,3.0608147822345537,4924.5,197.3,15,157.02608695652177
690.0,0.0,0.3011226027420538,1.7145133974334281,6211.0,0.0,15,157.98999999999995
196.3,633.9,0.35659728206326846,4.222985004548542,56.1,6014.7,20,150.54166666666666
1165.8,938.4,0.2249347711924016,1.5186049396958876,441.6,4355.2,20,152.04285714285714
978.8,1354.2,0.28170160364043745,2.2667287597758063,715.8,3852.2,20,153.1529411764706
1468.3,1635.4,0.28282637632368735,2.2441016741540887,1124.6,2672.7,20,154.06666666666666
1877.3,1364.7,0.3558406434213322,2.953178695450679,2086.3,1572.7,20,154.83124999999995
1520.3,1425.0,0.27027458002355376,3.2011747892665796,2716.0,1239.7,20,155.56774193548392
1363.4,1312.7,0.2803051016295233,2.953450730961876,3518.3,706.6,20,156.32666666666668
997.4,1274.3,0.2990790188638768,3.0381886983384825,4246.7,382.6,20,157.02608695652177
690.0,0.0,0.28611639034738234,2.2888557879296068,6211.0,0.0,20,157.98999999999995
135.4,673.3,0.30661670601714464,3.0260832508876465,16.7,6075.6,25,150.54166666666666
645.1,1067.9,0.24616938709146932,2.299286248157034,312.1,4875.9,25,152.04285714285714
1110.6,1411.1,0.25698247048598144,2.0968627568741907,658.9,3720.4,25,153.1529411764706
1541.8,1509.1,0.30738880819768444,1.4368994428024844,1250.9,2599.2,25,154.06666666666666
1654.8,1291.4,0.26530134118372045,2.852114674229121,2159.1,1795.7,25,154.83124999999995
1480.6,1402.0,0.29268203112787256,4.124896887868559,2739.0,1279.4,25,155.56774193548392
1500.0,701.3,0.289329867508284,2.6659746374139695,4129.7,570.0,25,156.32666666666668
1139.2,562.9,0.278392787225103,1.5675137381128639,4958.1,240.8,25,157.02608695652177
690.0,0.0,0.24034790252127455,1.2891488628837773,6211.0,0.0,25,157.98999999999995
502.0,582.4,0.2753512929540932,2.5586859108913496,107.6,5709.0,30,150.54166666666666
811.2,1019.9,0.2377956756910537,1.9875024511150277,360.1,4709.8,30,152.04285714285714
1122.2,1440.2,0.26136314201067146,2.172390900465274,629.8,3708.8,30,153.1529411764706
1424.2,1357.1,0.32921006550152754,3.2767224213387607,1402.9,2716.8,30,154.06666666666666
1417.3,1520.4,0.28613811283762147,2.349259721566294,1930.6,2032.7,30,154.83124999999995
1407.4,1291.0,0.28270272068465385,2.256886819808247,2850.0,1352.6,30,155.56774193548392
1188.4,1261.9,0.3040333088721495,2.226521551568078,3569.1,881.6,30,156.32666666666668
1008.4,547.6,0.251630070954655,2.0901570681110724,4973.4,371.6,30,157.02608695652177
580.7,170.0,0.28174676928223125,2.6224259961217484,6041.0,109.3,30,157.98999999999995
628.4,546.4,0.2718619495959406,3.154449104971038,143.6,5582.6,35,150.54166666666666
946.4,999.3,0.24848466533852415,3.3330146846520554,380.7,4574.6,35,152.04285714285714
1319.5,1201.7,0.24627918779946428,2.011838715492998,868.3,3511.5,35,153.1529411764706
1305.0,1527.5,0.2890807635008752,1.6916650488115574,1232.5,2836.0,35,154.06666666666666
1574.2,1290.1,0.27115660433183264,2.2179425195581826,2160.3,1876.4,35,154.83124999999995
1466.0,1135.3,0.22567388046133557,1.5040781747166432,3005.7,1294.0,35,155.56774193548392
1227.4,836.1,0.2707949368113541,2.6097428314516,3994.9,842.6,35,156.32666666666668
839.3,639.4,0.2560276597969728,2.374689576237005,4881.6,540.7,35,157.02608695652177
590.4,102.5,0.290453699642556,2.0543281840288,6108.5,99.6,35,157.98999999999995
306.6,633.4,0.31009111425040303,3.892585990978726,56.6,5904.4,40,150.54166666666666
479.5,1137.3,0.25299968860242794,1.727660154770111,242.7,5041.5,40,152.04285714285714
1088.9,1206.5,0.2893372533021756,2.5894826690504726,863.5,3742.1,40,153.1529411764706
1632.2,1102.1,0.2449646413888485,1.9881177658412468,1657.9,2508.8,40,154.06666666666666
1393.6,1351.9,0.23135140553946082,2.286510301235423,2099.1,2056.4,40,154.83124999999995
1521.9,1328.9,0.2746437969545128,3.1050527727740933,2812.1,1238.1,40,155.56774193548392
1200.0,792.0,0.25348571592516,2.44207554494736,4039.0,870.0,40,156.32666666666668
862.8,578.0,0.25513533015466666,2.3939136978159916,4943.0,517.2,40,157.02608695652177
521.7,221.9,0.23431461035703322,2.8703476025663317,5989.1,168.3,40,157.98999999999995
456.9,558.6,0.271775029898589,3.2665459769966,131.4,5754.1,45,150.54166666666666
667.2,935.0,0.26846796737809797,2.8317447957488464,445.0,4853.8,45,152.04285714285714
1038.1,1187.5,0.2759463625664322,1.9291200126115549,882.5,3792.9,45,153.1529411764706
1316.4,1439.9,0.3001137100905499,2.864988506853371,1320.1,2824.6,45,154.06666666666666
1651.4,1254.8,0.24236399575430542,2.596009281440904,2195.6,1799.2,45,154.83124999999995
1635.5,1000.5,0.25393925685638924,4.430642181475262,3140.5,1124.5,45,155.56774193548392
1057.4,964.9,0.25370518083756355,3.3899050540031843,3866.1,1012.6,45,156.32666666666668
879.2,517.2,0.24074168355909462,2.250820007823402,5003.8,500.8,45,157.02608695652177
512.6,174.7,0.22608636860176237,1.504063165564308,6036.3,177.4,45,157.98999999999995
337.4,583.9,0.2580631525392827,2.0896495836503,106.1,5873.6,50,150.54166666666666
656.8,926.6,0.23482996507426038,3.497874170658195,453.4,4864.2,50,152.04285714285714
1106.1,1241.0,0.23698693932703083,1.9702072067610694,829.0,3724.9,50,153.1529411764706
1352.3,1389.2,0.355200682792211,4.415535747145396,1370.8,2788.7,50,154.06666666666666
1411.2,1266.1,0.26057004921919436,1.8099382026125248,2184.9,2038.8,50,154.83124999999995
1199.3,1130.0,0.25623737501263816,3.1087122826605014,3011.0,1560.7,50,155.56774193548392
1138.6,933.7,0.30047732295879,2.321860913801596,3897.3,931.4,50,156.32666666666668
874.7,620.9,0.2736730825078196,1.4920400116633057,4900.1,505.3,50,157.02608695652177
434.4,259.4,0.23256094598099386,2.539652764559416,5951.6,255.6,50,157.98999999999995
383.2,581.5,0.248053761857488,2.323211131099053,108.5,5827.8,55,150.54166666666666
826.7,904.3,0.2501668254794499,2.3536242055979364,475.7,4694.3,55,152.04285714285714
1172.9,1165.7,0.24041621774544958,3.0346517041121612,904.3,3658.1,55,153.1529411764706
1449.0,1351.9,0.2607893505705373,1.549766843311154,1408.1,2692.0,55,154.06666666666666
1492.3,1221.8,0.25518933166111574,2.4618668467849396,2228.7,1958.2,55,154.83124999999995
1506.1,1119.3,0.27305063115025396,3.4645356376185403,3021.7,1253.9,55,155.56774193548392
1201.3,694.5,0.23754143300269784,1.9285773633831471,4136.5,868.7,55,156.32666666666668
913.4,362.2,0.2767901385031545,2.2641455936640744,5158.8,466.6,55,157.02608695652177
509.4,166.7,0.24571607642460297,2.2538671383540114,6044.3,180.6,55,157.98999999999995
413.1,545.3,0.24720346064444057,3.014346270776763,144.7,5797.9,60,150.54166666666666
621.0,1045.9,0.24438614251931426,2.9613480666164946,334.1,4900.0,60,152.04285714285714
1155.6,1168.2,0.23512954596190555,1.5822636810735662,901.8,3675.4,60,153.1529411764706
1360.1,1302.5,0.2590926034725701,3.4117448416588396,1457.5,2780.9,60,154.06666666666666
1364.1,1334.8,0.2604866357778345,2.7043617431854026,2116.2,2085.9,60,154.83124999999995
1229.1,1234.9,0.22027287129039289,1.8055960472888,2906.1,1530.9,60,155.56774193548392
1036.2,943.6,0.26674321836986203,2.151232390475469,3887.4,1033.8,60,156.32666666666668
781.2,605.7,0.26307076139940794,2.256253291831426,4915.3,598.8,60,157.02608695652177
462.6,254.0,0.26576773541552917,3.1050773952887174,5957.0,227.4,60,157.98999999999995
223.9,609.2,0.22926708102386856,0.9216201107845722,80.8,5987.1,65,150.54166666666666
668.8,1000.9,0.234452159978125,1.8937480384352483,379.1,4852.2,65,152.04285714285714
1009.9,1164.1,0.23833110153093978,2.5285765517336944,905.9,3821.1,65,153.1529411764706
1285.3,1306.3,0.229008506306217,2.207688423754697,1453.7,2855.7,65,154.06666666666666
1481.9,1251.5,0.25923547835249866,3.4135440952808893,2198.8,1968.8,65,154.83124999999995
1217.5,1159.8,0.2533105233083639,2.4397290755945757,2981.2,1542.5,65,155.56774193548392
1166.8,931.3,0.24345002474988192,2.364774791844834,3899.7,903.2,65,156.32666666666668
742.0,378.5,0.2425930976314412,2.6235669935737875,5142.5,638.0,65,157.02608695652177
437.0,219.8,0.2577461888771947,2.8369450743354987,5991.2,253.0,65,157.98999999999995
358.6,559.9,0.24338662794752866,1.3830364530318664,130.1,5852.4,70,150.54166666666666
546.0,989.3,0.23353123854760544,1.5919939732683805,390.7,4975.0,70,152.04285714285714
937.3,1276.6,0.24963847939246703,2.946981289918121,793.4,3893.7,70,153.1529411764706
1343.8,1308.7,0.25622405546081206,1.749295283808292,1451.3,2797.2,70,154.06666666666666
1318.5,1389.7,0.25326864698330137,3.019869687993613,2061.3,2131.5,70,154.83124999999995
1558.4,960.9,0.26371080847881206,3.7403030109419424,3180.1,1201.6,70,155.56774193548392
1099.3,862.7,0.24683636500662276,2.7059383464629065,3968.3,970.7,70,156.32666666666668
856.9,671.4,0.25124476197752793,2.995210409185302,4849.6,523.1,70,157.02608695652177
491.3,319.1,0.2342644401713053,1.8724725242651914,5891.9,198.7,70,157.98999999999995
330.0,565.3,0.2401373514555397,2.273766528591019,124.7,5881.0,75,150.54166666666666
612.1,961.0,0.23519004437109187,1.6537827327250654,419.0,4908.9,75,152.04285714285714
913.9,1294.9,0.24367501565003047,2.6155791427954123,775.1,3917.1,75,153.1529411764706
1300.7,1224.8,0.27213476596523917,3.160312127032939,1535.2,2840.3,75,154.06666666666666
1424.6,1353.9,0.254953568875437,2.3926348431683175,2096.6,2025.9,75,154.83124999999995
1290.2,1116.7,0.24202366978810425,2.658985519253144,3024.3,1469.8,75,155.56774193548392
1042.6,963.5,0.23190166793082118,1.8748629438135065,3867.5,1027.4,75,156.32666666666668
826.3,575.9,0.25939021962249126,3.029616145509398,4945.1,553.7,75,157.02608695652177
436.8,210.8,0.22574691167109387,2.1863043298578657,6000.2,253.2,75,157.98999999999995
352.8,526.1,0.27264479408181586,1.8574964973372492,163.9,5858.2,80,150.54166666666666
911.3,844.4,0.23161314599143717,2.8970847260750356,535.6,4609.7,80,152.04285714285714
929.5,1282.5,0.23912668810924087,2.2949269399375702,787.5,3901.5,80,153.1529411764706
1241.5,1299.0,0.23856191271939403,1.7197166340441945,1461.0,2899.5,80,154.06666666666666
1271.6,1257.9,0.23444365953702812,1.8447541802324803,2193.1,2178.4,80,154.83124999999995
1448.8,1012.9,0.24689710517634228,2.3253063902656845,3128.1,1311.2,80,155.56774193548392
1014.9,887.1,0.25546914822939015,2.7297777196307704,3943.9,1055.1,80,156.32666666666668
842.8,475.7,0.22864127473345444,3.1520787173231457,5045.3,537.2,80,157.02608695652177
433.2,244.2,0.22593794829715338,1.9193290253038557,5966.8,256.8,80,157.98999999999995
313.2,523.6,0.23508164163685116,1.925461781175287,166.4,5897.8,85,150.54166666666666
634.2,958.8,0.2622634506439629,4.054994182662532,421.2,4886.8,85,152.04285714285714
1033.3,1157.5,0.2310028009992811,0.8764888804352452,912.5,3797.7,85,153.1529411764706
1366.9,1285.8,0.2729280976337013,2.8424348302351534,1474.2,2774.1,85,154.06666666666666
1498.7,1105.4,0.24181058932165972,2.6299961848793005,2344.9,1952.0,85,154.83124999999995
1145.0,1284.7,0.24334973509088026,2.6913521430939342,2856.3,1615.0,85,155.56774193548392
1056.2,828.4,0.2702046380313747,2.47200620790592,4002.6,1013.8,85,156.32666666666668
778.2,447.3,0.23878420579617893,2.5437782945043583,5073.7,601.8,85,157.02608695652177
432.9,273.2,0.2353428235453125,3.2738927827687214,5937.8,257.1,85,157.98999999999995
198.5,593.7,0.2428758172939402,3.009573646859689,96.3,6012.5,90,150.54166666666666
467.8,971.0,0.21770344501394953,1.1383693541658315,409.0,5053.2,90,152.04285714285714
943.7,1126.7,0.24233220304485487,2.3277061105690042,943.3,3887.3,90,153.1529411764706
1054.5,1379.3,0.23687158242739986,2.9965439103513165,1380.7,3086.5,90,154.06666666666666
1341.2,1158.0,0.2438205147264994,4.038621228458106,2293.0,2108.8,90,154.83124999999995
1274.2,1063.8,0.23409754447496547,1.591058671743703,3077.2,1485.8,90,155.56774193548392
1024.4,826.5,0.2751324809327481,2.245218188107757,4004.5,1045.6,90,156.32666666666668
813.4,380.5,0.23524603633215918,1.266551414317427,5140.5,566.6,90,157.02608695652177
458.2,173.8,0.23732824451509887,1.8859631648973454,6037.2,231.8,90,157.98999999999995
219.0,582.7,0.27002164011771895,3.2089273192113894,107.3,5992.0,95,150.54166666666666
631.3,928.3,0.2571642392896979,1.7626199331925267,451.7,4889.7,95,152.04285714285714
1107.2,980.8,0.2154577897544288,1.4615047419257257,1089.2,3723.8,95,153.1529411764706
1261.4,1272.6,0.23095563449860346,2.6261817533163567,1487.4,2879.6,95,154.06666666666666
1436.0,1181.5,0.22863197680861616,1.8909089812113646,2269.1,2014.4,95,154.83124999999995
1225.8,1308.6,0.23674025711068417,1.6159915401840497,2832.4,1534.2,95,155.56774193548392
1000.9,863.3,0.24651660927329538,1.7281536853189987,3967.7,1069.1,95,156.32666666666668
773.6,542.6,0.237804307692856,2.2765897953268754,4978.4,606.4,95,157.02608695652177
445.3,243.3,0.25740710533648753,2.414627846168803,5967.7,244.7,95,157.98999999999995
427.5,486.6,0.2580870188518051,2.4739530522835627,203.4,5783.5,100,150.54166666666666
616.7,948.1,0.24470539271868144,1.9810858961525823,431.9,4904.3,100,152.04285714285714
915.2,1241.5,0.2395610724833938,1.9566707996233643,828.5,3915.8,100,153.1529411764706
1239.0,1292.7,0.2644941836231903,2.4218361340808285,1467.3,2902.0,100,154.06666666666666
1298.1,1301.5,0.26641278530830725,1.9331355468232392,2149.5,2151.9,100,154.83124999999995
1256.5,1111.0,0.2479293965243337,2.0300082441450176,3030.0,1503.5,100,155.56774193548392
1069.3,700.6,0.27006182098256437,2.908755436525208,4130.4,1000.7,100,156.32666666666668
627.2,454.7,0.23451630685318497,2.277738396293601,5066.3,752.8,100,157.02608695652177
400.9,227.7,0.20932482896541643,1.7769902293353206,5983.3,289.1,100,157.98999999999995
452.4,482.1,0.2388376313082848,2.653535435613992,207.9,5758.6,105,150.54166666666666
567.0,890.8,0.22282739920186767,1.8527311739958177,489.2,4954.0,105,152.04285714285714
876.1,1164.6,0.23260715025883139,2.5655029023124762,905.4,3954.9,105,153.1529411764706
1233.7,1327.8,0.2334241334512662,2.2740905270273992,1432.2,2907.3,105,154.06666666666666
1294.6,1170.2,0.23578036443806427,1.953801465158989,2280.2,2156.0,105,154.83124999999995
1300.3,1023.0,0.23137477752833777,2.533511409540378,3118.0,1459.7,105,155.56774193548392
1043.4,792.5,0.2653330945242643,2.4771347132284403,4038.5,1026.6,105,156.32666666666668
759.7,457.5,0.23442116983367015,1.635457482505161,5063.5,620.3,105,157.02608695652177
416.0,204.0,0.26410029863065926,3.5423727160857426,6007.0,274.0,105,157.98999999999995
252.7,545.6,0.2631677882059414,2.208773348138808,144.4,5958.3,110,150.54166666666666
580.6,882.4,0.22203347390111752,1.523193167555815,497.6,4940.4,110,152.04285714285714
1077.1,1090.6,0.23508446492165103,2.249524087694551,979.4,3753.9,110,153.1529411764706
1318.3,1190.6,0.23534033399988424,1.5646992748190758,1569.4,2822.7,110,154.06666666666666
1268.7,1198.7,0.2372323890752291,1.994504122129022,2252.3,2181.3,110,154.83124999999995
1259.2,1048.3,0.23124958239271715,1.6331076092970076,3092.7,1500.8,110,155.56774193548392
1005.7,840.4,0.250323432322906,2.7050392135047305,3990.6,1064.3,110,156.32666666666668
761.7,528.4,0.23179988452724642,2.2238904521601723,4992.6,618.3,110,157.02608695652177
406.0,230.9,0.25609467945825914,3.9909569252000034,5980.1,284.0,110,157.98999999999995
300.2,543.1,0.24835883176495727,2.947163906383751,146.9,5910.8,115,150.54166666666666
655.1,891.8,0.23451257168244047,1.9722185335535627,488.2,4865.9,115,152.04285714285714
903.7,1202.0,0.24635848393040694,2.0110649185378184,868.0,3927.3,115,153.1529411764706
1184.0,1309.2,0.23845371812899768,3.2560921585160507,1450.8,2957.0,115,154.06666666666666
1321.9,1178.8,0.2269383991926044,2.5434151580651543,2271.7,2128.6,115,154.83124999999995
1129.6,1080.5,0.23629051611737117,1.9638254040314564,3060.5,1630.4,115,155.56774193548392
1039.2,876.9,0.2569720682633897,2.391870744872602,3954.1,1030.8,115,156.32666666666668
791.6,298.7,0.21501805863943724,1.1434827917898294,5222.3,588.4,115,157.02608695652177
449.4,183.2,0.22979555888149342,1.5848608050742778,6027.8,240.6,115,157.98999999999995
249.1,550.9,0.22053388170453422,2.5050882441047415,139.1,5961.9,120,150.54166666666666
708.5,859.2,0.23219062430818646,1.8682339795125613,520.8,4812.5,120,152.04285714285714
882.4,1224.0,0.22433784048488697,1.869171488430526,846.0,3948.6,120,153.1529411764706
1240.9,1323.1,0.2478240793463351,2.982491357883408,1436.9,2900.1,120,154.06666666666666
1356.2,1162.9,0.22573346107506195,1.5538555160980385,2288.1,2093.8,120,154.83124999999995
1267.1,1100.4,0.2519041880903966,2.7388918717397845,3040.6,1492.9,120,155.56774193548392
1016.9,700.8,0.23583961648223778,1.6203122253843891,4130.2,1053.1,120,156.32666666666668
667.8,463.7,0.23965866630117932,3.3458457470047653,5057.3,712.2,120,157.02608695652177
501.6,181.9,0.2169340857467473,1.8488688464295702,6029.1,188.4,120,157.98999999999995
426.3,487.7,0.22666519428670923,2.21605805179393,202.3,5784.7,125,150.54166666666666
554.6,958.5,0.22477392246820002,3.163732872740154,421.5,4966.4,125,152.04285714285714
951.6,1170.4,0.2534992373633631,3.3839213793924117,899.6,3879.4,125,153.1529411764706
1194.5,1356.8,0.23871854842640183,3.2894911903690014,1403.2,2946.5,125,154.06666666666666
1373.4,1143.3,0.21111255739290474,1.119299782817277,2307.3,2077.0,125,154.83124999999995
1221.7,1138.1,0.2694305241545232,2.3141552418758797,3002.9,1538.3,125,155.56774193548392
1089.7,697.3,0.21708143060230273,2.1735546092470694,4133.7,980.3,125,156.32666666666668
696.1,601.0,0.22086413975296376,2.4280355003668204,4920.0,683.9,125,157.02608695652177
427.4,252.3,0.24212825691612969,2.3433688390962693,5958.7,262.6,125,157.98999999999995
307.9,533.9,0.2329727065577171,2.22223234398533,156.1,5903.1,130,150.54166666666666
623.9,872.9,0.22832056350739527,2.7643229471466975,507.1,4897.1,130,152.04285714285714
991.9,1075.7,0.2328826157630779,2.2138392140902594,994.3,3839.1,130,153.1529411764706
1270.0,1258.7,0.23171073176683418,1.9401891887760754,1501.3,2871.0,130,154.06666666666666
1190.2,1267.6,0.22366262451826202,1.502556099525576,2183.4,2259.8,130,154.83124999999995
1247.0,929.3,0.2402525457792303,2.8940915333672828,3211.7,1513.0,130,155.56774193548392
1074.9,607.6,0.20759237887455417,1.7107804225895429,4223.4,995.1,130,156.32666666666668
768.3,423.6,0.2505484642077735,2.9813667344223824,5097.4,611.7,130,157.02608695652177
438.1,221.5,0.23985764879386262,2.5776518032688385,5989.5,251.9,130,157.98999999999995
312.6,544.1,0.2253272748874901,2.2259087114329716,145.9,5898.4,135,150.54166666666666
654.1,786.6,0.23459470679133276,2.542715641751452,593.4,4866.9,135,152.04285714285714
903.8,1209.4,0.23292572508310427,2.2660489911517034,860.6,3927.2,135,153.1529411764706
1160.1,1203.5,0.22205702381148332,1.2209907724278035,1556.5,2980.9,135,154.06666666666666
1233.1,1381.1,0.23064182924384252,2.266222266956158,2069.6,2217.2,135,154.83124999999995
1196.2,1037.9,0.23855852943302044,2.9185480001724717,3103.1,1563.8,135,155.56774193548392
1132.3,683.8,0.23059821410295905,2.236037719292014,4147.2,937.7,135,156.32666666666668
669.5,438.0,0.228119465358792,2.1519864992029123,5083.0,710.5,135,157.02608695652177
381.5,273.3,0.23273962614554136,2.3070211930258093,5937.7,308.5,135,157.98999999999995
319.1,547.2,0.24565683642650754,1.984425183252791,142.8,5891.9,140,150.54166666666666
460.0,976.0,0.24456963405617413,2.3306620906670377,404.0,5061.0,140,152.04285714285714
1017.1,1124.2,0.2760687219162405,3.572421475292791,945.8,3813.9,140,153.1529411764706
1248.5,1187.0,0.23165881891982573,2.843454366373328,1573.0,2892.5,140,154.06666666666666
1268.3,1207.1,0.23426963887741192,3.1983433846946,2243.9,2181.7,140,154.83124999999995
1297.0,941.7,0.23019631170055882,2.525400690114123,3199.3,1463.0,140,155.56774193548392
1007.9,704.1,0.22187675867036066,1.9156395189762772,4126.9,1062.1,140,156.32666666666668
645.4,486.7,0.22925343784145955,2.2000790640591172,5034.3,734.6,140,157.02608695652177
396.4,263.2,0.23463187579362182,1.2829364471356615,5947.8,293.6,140,157.98999999999995
258.3,576.7,0.25096910895422503,1.7313270511550147,113.3,5952.7,145,150.54166666666666
556.9,941.1,0.22062328524461364,0.8335300710149799,438.9,4964.1,145,152.04285714285714
953.1,1125.2,0.2603095948114327,2.8566362891810724,944.8,3877.9,145,153.1529411764706
1115.1,1396.1,0.2318745815833197,2.90126055706714,1363.9,3025.9,145,154.06666666666666
1338.9,1104.3,0.2235023739175621,1.519026085676032,2346.2,2111.6,145,154.83124999999995
1167.3,1003.2,0.2372443635458299,3.6938236231033166,3137.8,1592.7,145,155.56774193548392
909.1,725.5,0.2383201060044818,2.42057660277751,4105.5,1160.9,145,156.32666666666668
710.8,480.5,0.24525822183881846,3.3688012176129916,5040.5,669.2,145,157.02608695652177
391.5,257.3,0.2317874825462128,2.182123201600339,5953.7,298.5,145,157.98999999999995
264.5,539.4,0.23481762685677188,2.2146429819869557,150.6,5946.5,150,150.54166666666666
700.8,829.7,0.22392834045043566,1.4994737189350662,550.3,4820.2,150,152.04285714285714
910.6,1141.4,0.21902304766452999,2.0600640406791717,928.6,3920.4,150,153.1529411764706
1218.3,1181.1,0.23277491695827743,1.908841549600325,1578.9,2922.7,150,154.06666666666666
1313.4,1143.7,0.24564238768954477,3.3639453500371603,2307.3,2136.6,150,154.83124999999995
1251.3,956.7,0.24458620791315103,2.294188191938006,3184.3,1508.7,150,155.56774193548392
1026.5,683.6,0.21780408519404637,2.1080188950244665,4147.4,1043.5,150,156.32666666666668
630.7,385.8,0.21943316170898117,2.805556736788766,5135.2,749.3,150,157.02608695652177
391.5,256.7,0.2503054713595314,3.6818842456371024,5954.3,298.5,150,157.98999999999995
324.7,523.3,0.23271706738444217,2.883800828892099,166.7,5886.3,155,150.54166666666666
678.3,855.8,0.25680605892502584,3.7718068670833547,524.2,4842.7,155,152.04285714285714
966.1,1069.0,0.2278786917535222,2.4723457299592737,1001.0,3864.9,155,153.1529411764706
1121.0,1286.0,0.2200883509958463,2.7974680181075433,1474.0,3020.0,155,154.06666666666666
1330.3,1100.8,0.23260522426287666,1.8789197838542546,2349.7,2120.2,155,154.83124999999995
1248.6,948.6,0.23061751334227593,2.2507192515916676,3192.4,1511.4,155,155.56774193548392
1005.2,685.4,0.2263376315879872,1.8038214916570674,4145.6,1064.8,155,156.32666666666668
637.5,458.2,0.22071440891446223,2.153572720989488,5062.8,742.5,155,157.02608695652177
417.2,162.0,0.24248599084651246,2.7065860495876417,6049.0,272.8,155,157.98999999999995
316.1,529.1,0.230691673678484,1.9353312108409841,160.9,5894.9,160,150.54166666666666
591.9,870.1,0.23621788878565178,3.8726008099031106,509.9,4929.1,160,152.04285714285714
951.9,1181.2,0.23664457962918073,2.899184786344701,888.8,3879.1,160,153.1529411764706
1188.7,1256.5,0.22574628263630356,1.836225592490272,1503.5,2952.3,160,154.06666666666666
1156.6,1276.3,0.24686005997363036,3.006607858110676,2174.7,2293.4,160,154.83124999999995
1189.9,974.1,0.23241405081264466,2.603540131501086,3166.9,1570.1,160,155.56774193548392
1061.6,661.5,0.2235383196264645,1.5708390897161455,4169.5,1008.4,160,156.32666666666668
626.1,526.0,0.2138746693743351,1.0997662289986816,4995.0,753.9,160,157.02608695652177
352.4,284.7,0.22343142249260528,1.527170938494835,5926.3,337.6,160,157.98999999999995
295.8,506.4,0.22616569716933124,1.8716576593935996,183.6,5915.2,165,150.54166666666666
598.6,900.8,0.2742927522455628,3.503975528859538,479.2,4922.4,165,152.04285714285714
860.4,1167.3,0.2232333858775437,1.857615055966122,902.7,3970.6,165,153.1529411764706
1185.6,1242.3,0.23340410333285222,2.903617625001737,1517.7,2955.4,165,154.06666666666666
1302.2,1148.6,0.21740279738141707,1.1614475310353118,2301.8,2148.4,165,154.83124999999995
1155.8,1088.4,0.24194868148974596,1.9903454647146301,3052.6,1604.2,165,155.56774193548392
936.2,694.1,0.23223360567293866,2.5632054834811933,4136.9,1133.8,165,156.32666666666668
697.1,451.9,0.23415849201176248,2.2826363325684067,5069.1,682.9,165,157.02608695652177
346.7,230.0,0.2202997972619097,2.456269955728593,5981.0,343.3,165,157.98999999999995
340.6,516.8,0.2274601221027869,2.2256838744429297,173.2,5870.4,170,150.54166666666666
630.1,842.2,0.22742927605296104,2.224206882984755,537.8,4890.9,170,152.04285714285714
928.5,1123.5,0.2257866429037009,2.8574136413927835,946.5,3902.5,170,153.1529411764706
1050.6,1319.2,0.22953741896699298,2.260417018000465,1440.8,3090.4,170,154.06666666666666
1108.9,1337.8,0.23366112716315418,1.9141820197343804,2113.2,2341.1,170,154.83124999999995
1182.1,969.2,0.21776687835787994,2.1339514861148428,3171.8,1577.9,170,155.56774193548392
1068.1,620.9,0.2208343439580725,2.7714938053758753,4210.1,1001.9,170,156.32666666666668
640.0,524.3,0.21746448539188706,1.1714262073926496,4996.7,740.0,170,157.02608695652177
397.5,192.4,0.22760240418623662,1.958500858621921,6018.6,292.5,170,157.98999999999995
261.7,538.8,0.22718967434451381,2.2313951629022983,151.2,5949.3,175,150.54166666666666
657.9,865.9,0.20623884745015642,1.344589877111903,514.1,4863.1,175,152.04285714285714
890.9,1210.1,0.2299414906559814,1.9296873555728324,859.9,3940.1,175,153.1529411764706
1168.5,1215.9,0.2203102294306089,1.5263416389681672,1544.1,2972.5,175,154.06666666666666
1402.2,1123.1,0.22648732306766725,1.5648480415498158,2327.1,2048.6,175,154.83124999999995
1233.1,987.2,0.23490936642254248,2.6328408771190115,3153.8,1526.9,175,155.56774193548392
938.8,807.2,0.22538141071857648,3.184018561834944,4023.8,1131.2,175,156.32666666666668
727.5,491.8,0.24143355927599708,2.311919878873982,5029.2,652.5,175,157.02608695652177
365.0,241.2,0.21657212303257004,1.7947194293652449,5969.8,325.0,175,157.98999999999995
278.9,528.7,0.22290789542845652,2.6333762095984037,161.3,5932.1,180,150.54166666666666
588.4,848.8,0.3853434282958878,14.953807743593634,531.2,4932.6,180,152.04285714285714
877.8,1169.6,0.221506706760311,1.5131777570163318,900.4,3953.2,180,153.1529411764706
1173.4,1222.0,0.2283707686258886,1.6040759015398671,1538.0,2967.6,180,154.06666666666666
1264.4,1221.5,0.23423647623655533,2.5695660044412283,2229.5,2185.6,180,154.83124999999995
1107.2,1094.2,0.2186750522902019,1.8180852820134679,3046.8,1652.8,180,155.56774193548392
979.3,687.7,0.2140227520497285,1.4878336964088918,4143.3,1090.7,180,156.32666666666668
705.2,436.1,0.23995750730005297,2.656099121602468,5084.9,674.8,180,157.02608695652177
343.2,298.3,0.25107551633175607,3.3015036386103125,5912.7,346.8,180,157.98999999999995
331.4,498.3,0.23194847289239626,2.2252305421937977,191.7,5879.6,185,150.54166666666666
620.9,838.4,0.21561184301355904,2.0914901917413866,541.6,4900.1,185,152.04285714285714
1029.2,1043.7,0.22663214645299684,2.874625292344245,1026.3,3801.8,185,153.1529411764706
1078.5,1271.6,0.22486470706401046,1.562644243920641,1488.4,3062.5,185,154.06666666666666
1404.1,1104.9,0.23773532203976874,2.999236907153101,2345.6,2046.4,185,154.83124999999995
1229.1,1065.3,0.23205619145878287,2.8288397636334555,3075.7,1530.9,185,155.56774193548392
978.7,783.4,0.22780372397668075,3.549480658060925,4047.6,1091.3,185,156.32666666666668
620.1,401.4,0.21949385077428213,1.521285796979133,5119.6,759.9,185,157.02608695652177
369.8,232.9,0.22059886420875147,1.8170873270473145,5978.1,320.2,185,157.98999999999995
318.3,486.8,0.21918577691761784,2.1772617730585866,203.2,5892.7,190,150.54166666666666
486.8,944.9,0.23239445341338788,1.5741596493851222,435.1,5034.2,190,152.04285714285714
910.9,1158.7,0.23599177286602085,2.8754068899399585,911.3,3920.1,190,153.1529411764706
1294.4,1151.2,0.22104569153055662,1.5177741591365672,1608.8,2846.6,190,154.06666666666666
1307.5,1103.0,0.22925177044814152,2.24793270799645,2348.0,2142.5,190,154.83124999999995
1155.9,1095.6,0.22984534782040883,1.9538491981153054,3045.4,1604.1,190,155.56774193548392
985.1,738.5,0.2239930169680116,1.5416657504378768,4092.5,1084.9,190,156.32666666666668
614.7,501.3,0.23446127917203102,2.1888951258417864,5019.7,765.3,190,157.02608695652177
333.8,317.0,0.22528341740981964,2.1808085551697536,5894.0,356.2,190,157.98999999999995
254.0,524.4,0.22516917538879117,2.1671448148530157,165.6,5957.0,195,150.54166666666666
517.1,914.9,0.23899229463495283,2.8576734813459153,465.1,5003.9,195,152.04285714285714
895.3,1086.3,0.24962008842124933,2.758337080389191,983.7,3935.7,195,153.1529411764706
1149.2,1255.4,0.22641325174175891,2.926319798304216,1504.6,2991.8,195,154.06666666666666
1358.8,1101.0,0.2137953940015011,1.8411677159911612,2349.7,2091.5,195,154.83124999999995
1180.2,1006.6,0.22451282803509048,2.175940080384793,3134.4,1579.8,195,155.56774193548392
942.8,753.8,0.21478995640078785,1.7851752010025863,4077.2,1127.2,195,156.32666666666668
653.7,394.4,0.22989162041046077,1.9244619532403437,5126.6,726.3,195,157.02608695652177
388.3,244.3,0.22936722977348017,3.619440789928057,5966.7,301.7,195,157.98999999999995
288.4,531.3,0.22128207866954547,2.47899266292402,158.7,5922.6,200,150.54166666666666
650.8,842.1,0.24289817547587322,3.137564518596961,537.9,4870.2,200,152.04285714285714
963.8,1135.4,0.22240390849036692,1.795255491555638,934.6,3867.2,200,153.1529411764706
1246.3,1137.8,0.2305375678226548,3.210924092531404,1622.2,2894.7,200,154.06666666666666
1176.8,1195.2,0.22963234916122785,2.2041916293631107,2255.8,2273.2,200,154.83124999999995
1116.5,1035.5,0.22931588210627857,2.1417913074747075,3105.5,1643.5,200,155.56774193548392
924.3,706.6,0.21838288293715108,2.1217095391382896,4124.4,1145.7,200,156.32666666666668
611.0,514.5,0.2500230131372123,3.617516534521111,5006.5,769.0,200,157.02608695652177
302.5,265.4,0.22592953807451904,1.6101616134805183,5945.6,387.5,200,157.98999999999995
351.6,498.9,0.22222970901483535,1.8585075808360394,191.1,5859.4,205,150.54166666666666
641.9,869.7,0.2365524110098633,3.2933080782860586,510.3,4879.1,205,152.04285714285714
936.0,1075.9,0.23428662907280223,3.1153666759645446,994.1,3895.0,205,153.1529411764706
1065.2,1295.5,0.23285458267537096,2.235561492617056,1464.5,3075.8,205,154.06666666666666
1240.2,1197.8,0.24253368597946992,1.9987789681118422,2252.9,2210.1,205,154.83124999999995
1210.2,985.3,0.24373744560857463,2.2614989766279834,3155.7,1549.8,205,155.56774193548392
953.7,814.6,0.2264699809376952,1.5447865625833714,4016.4,1116.3,205,156.32666666666668
620.4,466.5,0.24674414467166678,3.0570656473576303,5054.5,759.6,205,157.02608695652177
367.6,256.2,0.21957841509229487,2.108795818632605,5954.8,322.4,205,157.98999999999995
362.5,487.4,0.24458887413271238,3.565124077305735,202.6,5848.5,210,150.54166666666666
596.4,914.3,0.2331325161399457,2.568829160220666,465.7,4924.6,210,152.04285714285714
864.1,1112.0,0.22220303473520323,2.8138895687359557,958.0,3966.9,210,153.1529411764706
1114.7,1265.0,0.22681028229143943,2.510716551727623,1495.0,3026.3,210,154.06666666666666
1210.8,1195.1,0.2335390526220668,2.463059663106403,2255.9,2239.2,210,154.83124999999995
1190.7,898.1,0.22648832066399738,2.4572988122277577,3242.9,1569.3,210,155.56774193548392
920.9,737.0,0.2203369657072814,2.185045162979047,4094.0,1149.1,210,156.32666666666668
599.1,549.6,0.22042396324673086,2.0720545246000968,4971.4,780.9,210,157.02608695652177
367.8,220.0,0.2314694245351787,1.940779954625548,5991.0,322.2,210,157.98999999999995
250.0,527.4,0.22751701759396198,1.9068510351136,162.6,5961.0,215,150.54166666666666
589.9,860.1,0.22634832178567654,2.2667122129289163,519.9,4931.1,215,152.04285714285714
916.5,1117.5,0.23916848650749345,2.342035654410707,952.5,3914.5,215,153.1529411764706
1178.7,1256.9,0.22295354339620785,1.8579962279764568,1503.1,2962.3,215,154.06666666666666
1317.1,1038.6,0.218648663615198,1.4535916837831957,2412.0,2133.3,215,154.83124999999995
1195.4,956.7,0.2319246337774256,2.149657085108596,3184.3,1564.6,215,155.56774193548392
911.0,737.2,0.22760636269268125,2.2672842504597606,4093.8,1159.0,215,156.32666666666668
671.2,432.6,0.21509551068244007,1.8411424600244068,5088.4,708.8,215,157.02608695652177
375.6,205.6,0.22986873489534979,2.6155995895151762,6005.4,314.4,215,157.98999999999995
260.0,524.9,0.23946296396423516,3.352417309634093,165.1,5951.0,220,150.54166666666666
538.7,920.9,0.22477956675787572,2.1748538222634965,459.1,4982.3,220,152.04285714285714
904.6,1136.2,0.21681636628336434,1.7533609982504772,933.8,3926.4,220,153.1529411764706
1278.6,1146.2,0.22920492309369642,1.624725636438264,1613.8,2862.4,220,154.06666666666666
1392.7,1058.3,0.21902129133777976,1.4723081353856855,2392.7,2057.3,220,154.83124999999995
1180.5,937.5,0.2383304746095071,2.28778904188425,3203.5,1579.5,220,155.56774193548392
990.2,613.2,0.20667133786431074,1.7718916838751007,4217.8,1079.8,220,156.32666666666668
660.4,342.6,0.2261285247937225,2.820931870554019,5178.4,719.6,220,157.02608695652177
362.9,283.3,0.2182635688369094,1.4348737321112703,5927.7,327.1,220,157.98999999999995
251.0,547.9,0.2260778815618524,2.47622248783002,142.1,5960.0,225,150.54166666666666
489.9,912.6,0.23847076699269304,2.0605115360049977,467.4,5031.1,225,152.04285714285714
879.6,1099.3,0.21700903139746405,1.435879811073262,970.7,3951.4,225,153.1529411764706
1261.2,1157.4,0.22067764618209953,2.4866425067300804,1602.6,2879.8,225,154.06666666666666
1263.9,1091.2,0.2217591770180586,1.8678984126761218,2359.1,2186.8,225,154.83124999999995
1119.0,1000.6,0.21246600357786236,1.4705488906017659,3140.4,1641.0,225,155.56774193548392
914.4,780.4,0.2261220580012689,1.5747104379035577,4050.6,1155.6,225,156.32666666666668
656.9,496.8,0.22628447261227538,2.8625268203820915,5024.2,723.1,225,157.02608695652177
381.1,235.5,0.22251343153901743,1.6022148790904083,5975.5,308.9,225,157.98999999999995
294.9,507.9,0.22180131112033918,1.8207289799881323,182.1,5916.1,230,150.54166666666666
542.8,883.5,0.2226567021000982,2.1677887809227316,496.5,4978.2,230,152.04285714285714
902.9,1113.4,0.23740734273854938,2.600934108214717,956.6,3928.1,230,153.1529411764706
1207.8,1187.5,0.21683562951133206,1.4289116886599946,1572.5,2933.2,230,154.06666666666666
1265.2,1147.7,0.24224090113813404,2.9778000536714684,2303.3,2184.8,230,154.83124999999995
1168.8,988.6,0.22191795593133126,2.1082356923426397,3152.4,1591.2,230,155.56774193548392
972.8,637.9,0.2140711074878876,2.0849951326396563,4193.1,1097.2,230,156.32666666666668
624.9,435.0,0.2197909135056549,2.800403659197195,5086.0,755.1,230,157.02608695652177
344.0,261.6,0.22579470322058906,2.586061906546903,5949.4,346.0,230,157.98999999999995
242.5,541.7,0.21835018854757635,2.1731135569514803,148.3,5968.5,235,150.54166666666666
510.0,927.4,0.21981081840701747,1.4712689016381921,452.6,5011.0,235,152.04285714285714
878.8,1140.2,0.2227243702955854,2.377190687814866,929.8,3952.2,235,153.1529411764706
1193.7,1255.9,0.23201429323183304,2.835976635448174,1504.1,2947.3,235,154.06666666666666
1255.0,1176.8,0.23437177609178445,2.5383433752946307,2273.8,2195.4,235,154.83124999999995
1143.3,1011.7,0.22044673909694565,1.1579419727348135,3129.3,1616.7,235,155.56774193548392
930.0,736.5,0.22018425390321714,1.5443629392232396,4094.5,1140.0,235,156.32666666666668
605.9,519.4,0.2306449770952216,2.27118400270032,5001.6,774.1,235,157.02608695652177
312.3,318.1,0.2175179839626228,1.798176222120349,5892.9,377.7,235,157.98999999999995
291.4,515.4,0.2170279179685027,1.4971382553982384,174.6,5919.6,240,150.54166666666666
503.3,908.5,0.22020380993213218,1.8675228710144745,471.5,5017.7,240,152.04285714285714
800.2,1136.7,0.22175440055812165,1.4636027459863243,933.3,4030.8,240,153.1529411764706
1160.7,1249.6,0.2219549454350303,1.8502991513234672,1510.4,2980.3,240,154.06666666666666
1279.8,1116.7,0.21522145176929935,2.091981189602705,2334.3,2170.2,240,154.83124999999995
1168.9,992.0,0.22025996416833538,2.093911910011811,3149.0,1591.1,240,155.56774193548392
995.5,618.0,0.21071400233648938,1.7060952862143732,4213.0,1074.5,240,156.32666666666668
644.5,460.5,0.21771718174605006,2.2411277683022988,5060.5,735.5,240,157.02608695652177
331.4,216.5,0.21890211267110682,1.4398216681486313,5994.5,358.6,240,157.98999999999995
262.9,516.0,0.23458246601492116,4.178648392653192,174.0,5948.1,245,150.54166666666666
590.8,851.7,0.2235423024861088,3.1052469817941306,528.3,4930.2,245,152.04285714285714
825.0,1121.8,0.22178407504515132,2.4437236679687135,948.2,4006.0,245,153.1529411764706
1159.2,1199.9,0.22769394876373092,2.147717099961243,1560.1,2981.8,245,154.06666666666666
1269.8,1090.5,0.2139543323344668,1.7920445419941906,2360.5,2180.2,245,154.83124999999995
1131.4,1072.2,0.22351410201632033,1.5251778302044376,3068.8,1628.6,245,155.56774193548392
952.1,730.1,0.21776116996462624,2.374834932909631,4100.9,1117.9,245,156.32666666666668
637.4,452.2,0.22037659182845437,1.5392634826670841,5068.8,742.6,245,157.02608695652177
362.6,269.4,0.21199916060056095,2.346886833677073,5941.6,327.4,245,157.98999999999995
210.7,537.2,0.21768945674647902,2.1579339100261934,152.8,6000.3,250,150.54166666666666
500.9,913.6,0.22150337270534504,1.8566680377325049,466.4,5020.1,250,152.04285714285714
801.7,1225.6,0.22453970413079669,1.5569203149519046,844.4,4029.3,250,153.1529411764706
1189.0,1259.2,0.2312048085273303,2.5280392671499374,1500.8,2952.0,250,154.06666666666666
1204.0,1132.8,0.221043482547725,2.523004798515458,2318.2,2246.0,250,154.83124999999995
1116.5,1016.5,0.23619558593474052,1.657918300167496,3124.5,1643.5,250,155.56774193548392
1012.1,627.7,0.22239801449192279,2.204459902792947,4203.3,1057.9,250,156.32666666666668
634.7,467.5,0.22945775459527593,3.197074854297556,5053.5,745.3,250,157.02608695652177
316.3,274.5,0.22551409341460676,2.815635427600086,5936.5,373.7,250,157.98999999999995
282.4,484.0,0.22700696547554097,2.8192498090444897,206.0,5928.6,255,150.54166666666666
530.1,951.3,0.22241484768015476,2.466272825748608,428.7,4990.9,255,152.04285714285714
843.5,1154.7,0.21376616011717736,2.0692406516750896,915.3,3987.5,255,153.1529411764706
1057.0,1293.1,0.22273885359259277,2.5464776218911918,1466.9,3084.0,255,154.06666666666666
1263.2,1149.4,0.22786074924213384,2.174619886290141,2301.0,2187.4,255,154.83124999999995
1156.1,906.2,0.21816467525027178,1.4660083234548067,3234.8,1603.9,255,155.56774193548392
922.4,765.3,0.22958121790226751,2.910389379858154,4065.7,1147.6,255,156.32666666666668
617.3,447.3,0.23233465072519807,2.853050663548222,5073.7,762.7,255,157.02608695652177
359.9,237.4,0.21595584969504095,1.1691634681296466,5973.6,330.1,255,157.98999999999995
296.0,475.6,0.21392444152404458,1.4498652722795118,214.4,5915.0,260,150.54166666666666
625.4,849.4,0.21614427343684314,2.7551165579121113,530.6,4895.6,260,152.04285714285714
802.5,1139.5,0.22009569291351355,2.7437483459631116,930.5,4028.5,260,153.1529411764706
1228.1,1138.8,0.21697759226173724,1.830607799135701,1621.2,2912.9,260,154.06666666666666
1168.5,1218.4,0.22657250481146324,2.534044679669609,2232.6,2281.5,260,154.83124999999995
1123.4,1021.3,0.24113411124849088,3.620255358812866,3119.7,1636.6,260,155.56774193548392
974.6,620.3,0.22323411741235524,2.225964923958016,4210.7,1095.4,260,156.32666666666668
588.1,445.2,0.22577516917970125,2.568675764507895,5075.8,791.9,260,157.02608695652177
386.0,228.2,0.2189834235059966,2.1297753287803443,5982.8,304.0,260,157.98999999999995
238.8,503.5,0.21734863931266118,1.2239995915861792,186.5,5972.2,265,150.54166666666666
571.5,917.6,0.22082596336992535,2.1801234638882123,462.4,4949.5,265,152.04285714285714
919.5,1161.2,0.22344161264231835,2.521097781154014,908.8,3911.5,265,153.1529411764706
1215.2,1108.2,0.2185719892854426,2.1422471630850417,1651.8,2925.8,265,154.06666666666666
1273.6,1131.3,0.21692328108284292,2.398665692755223,2319.0,2177.1,265,154.83124999999995
1194.5,877.7,0.23257362846128676,3.242557903762355,3263.3,1565.5,265,155.56774193548392
929.6,674.9,0.2143238153362929,1.4534903257865397,4156.1,1140.4,265,156.32666666666668
681.4,401.4,0.21317718571975047,2.090775454236595,5119.6,698.6,265,157.02608695652177
315.6,249.6,0.2139649557417899,2.1839402982571263,5961.4,374.4,265,157.98999999999995
316.0,506.2,0.23241822760982617,2.265935683233679,183.8,5895.0,270,150.54166666666666
596.8,863.2,0.22216219071530197,1.8640195377017814,516.8,4924.2,270,152.04285714285714
862.6,1109.5,0.21881559800840425,1.1746855207721993,960.5,3968.4,270,153.1529411764706
1098.0,1237.5,0.21723760188748323,2.96422341473622,1522.5,3043.0,270,154.06666666666666
1213.9,1172.3,0.2151054285153761,2.4312407715127042,2278.7,2236.1,270,154.83124999999995
1167.1,991.8,0.2148018746000268,2.4386706025818468,3149.2,1592.9,270,155.56774193548392
944.0,733.8,0.2200435575322898,1.823091915365589,4097.2,1126.0,270,156.32666666666668
657.1,385.5,0.20848168533754446,1.4105850344614155,5135.5,722.9,270,157.02608695652177
349.7,254.4,0.22438072956795763,2.2034319807413008,5956.6,340.3,270,157.98999999999995
283.2,516.2,0.23564985411866224,2.312246389781068,173.8,5927.8,275,150.54166666666666
638.1,812.9,0.22827148457580687,1.8688087270085858,567.1,4882.9,275,152.04285714285714
822.6,1174.3,0.23058528066836576,2.0185459701168726,895.7,4008.4,275,153.1529411764706
1056.6,1240.4,0.21540262818472716,2.090879103424842,1519.6,3084.4,275,154.06666666666666
1292.8,1021.3,0.21249584792523385,2.0895428900734005,2429.3,2157.6,275,154.83124999999995
1100.5,1011.7,0.2258666642333001,2.315552833353502,3129.3,1659.5,275,155.56774193548392
943.8,731.1,0.22950393622249501,1.638038159315013,4099.9,1126.2,275,156.32666666666668
630.1,402.1,0.21720026977983165,2.4934641697199393,5118.9,749.9,275,157.02608695652177
398.9,182.0,0.23891080834957973,3.196528791333276,6029.0,291.1,275,157.98999999999995
209.9,513.2,0.21996284657671264,2.096647575227783,176.8,6001.1,280,150.54166666666666
546.7,832.9,0.21147139888519587,1.4942327858349032,547.1,4974.3,280,152.04285714285714
849.0,1134.4,0.2338507197068354,3.8963519240647493,935.6,3982.0,280,153.1529411764706
1034.4,1238.9,0.2302166140704927,2.6430734881396565,1521.1,3106.6,280,154.06666666666666
1213.1,1163.4,0.22427426997876979,3.012056535152719,2287.6,2236.9,280,154.83124999999995
1194.6,879.2,0.23170069822335884,2.8424995592380373,3261.8,1565.4,280,155.56774193548392
976.7,607.6,0.22538172563966632,1.2564619198380076,4223.4,1093.3,280,156.32666666666668
623.2,359.7,0.2119215878918653,1.9966893165605675,5161.3,756.8,280,157.02608695652177
325.1,273.3,0.22288685783101383,2.0700771003938128,5937.7,364.9,280,157.98999999999995
278.7,501.0,0.22845139817490442,2.754240801682047,189.0,5932.3,285,150.54166666666666
590.3,871.2,0.21521295719315803,1.1130712945624,508.8,4930.7,285,152.04285714285714
941.3,1133.9,0.2244793127151906,1.2640200917994853,936.1,3889.7,285,153.1529411764706
1159.4,1236.0,0.21184529326600904,2.398799433009905,1524.0,2981.6,285,154.06666666666666
1253.1,1095.3,0.2122927478134385,1.748652559679708,2355.2,2197.4,285,154.83124999999995
1096.4,985.0,0.2126392024736851,2.0982510126076486,3156.0,1663.6,285,155.56774193548392
881.1,831.0,0.22309940612645135,1.4951284001757783,4000.0,1188.9,285,156.32666666666668
658.5,371.6,0.2106967862995373,1.4758318666236236,5149.4,721.5,285,157.02608695652177
352.4,203.4,0.22313910587080366,2.3845307819015606,6007.6,337.6,285,157.98999999999995
242.7,519.3,0.21929567217441095,1.8366875934978721,170.7,5968.3,290,150.54166666666666
516.6,859.8,0.22733613672382216,3.081312077724235,520.2,5004.4,290,152.04285714285714
851.6,1180.9,0.21662162172775154,1.8394227882368597,889.1,3979.4,290,153.1529411764706
1196.0,1163.2,0.22166995220527502,1.4843138881259206,1596.8,2945.0,290,154.06666666666666
1196.0,1131.8,0.21670468875941679,1.146453125978362,2319.2,2254.0,290,154.83124999999995
1112.8,1011.3,0.2216351279299492,2.764754486122315,3129.7,1647.2,290,155.56774193548392
978.8,646.8,0.21660602216729724,1.8170266797453316,4184.2,1091.2,290,156.32666666666668
687.4,412.3,0.21658013120386843,2.3877162774983023,5108.7,692.6,290,157.02608695652177
294.0,296.1,0.22287990522274276,2.596172335621312,5914.9,396.0,290,157.98999999999995
319.5,489.4,0.20882755979437154,1.7498600502082262,200.6,5891.5,295,150.54166666666666
534.7,858.2,0.21702668894389676,2.413748318323587,521.8,4986.3,295,152.04285714285714
813.1,1147.3,0.21656123070341926,1.739369164056653,922.7,4017.9,295,153.1529411764706
1166.9,1218.8,0.23123233427603718,2.2419701889909516,1541.2,2974.1,295,154.06666666666666
1180.9,1127.2,0.21388549331954207,1.4708988900159867,2323.1,2269.8,295,154.83124999999995
1102.4,988.1,0.21132996212019178,1.430093860813838,3152.9,1657.6,295,155.56774193548392
973.6,626.1,0.21194703942067142,1.7129095577366968,4204.9,1096.4,295,156.32666666666668
642.3,411.6,0.21157143864530217,1.7404519263445706,5109.4,737.7,295,157.02608695652177
356.1,213.8,0.21594789096139802,2.4156205436547578,5997.2,333.9,295,157.98999999999995
302.9,483.8,0.2218622077661609,2.244922921949724,206.2,5908.1,300,150.54166666666666
596.3,852.8,0.2184743783044202,2.131786768256756,527.2,4924.7,300,152.04285714285714
772.4,1170.8,0.2214850426147505,2.81441475182183,899.2,4058.6,300,153.1529411764706
997.3,1288.9,0.20540641963411313,1.659674148365885,1471.1,3143.7,300,154.06666666666666
1138.3,1168.2,0.21537342076950675,2.0647417217046287,2282.8,2311.7,300,154.83124999999995
1115.3,1003.3,0.22357099454072588,2.072631512797968,3137.7,1644.7,300,155.56774193548392
849.6,856.6,0.22274275104278468,1.8340129670920509,3974.4,1220.4,300,156.32666666666668
610.4,442.8,0.21694756950889055,2.8259258504791935,5078.2,769.6,300,157.02608695652177
310.5,240.1,0.2115882660667133,1.4277220925857252,5970.9,379.5,300,157.98999999999995
228.9,504.9,0.22727638588215093,3.24021393071921,185.1,5982.1,305,150.54166666666666
584.6,859.9,0.22092956009301373,1.2074067336331418,520.1,4936.4,305,152.04285714285714
849.4,1062.3,0.21659179322032124,2.454875031156873,1007.7,3981.6,305,153.1529411764706
925.8,1370.5,0.22444982585977882,1.5371086032536396,1389.5,3215.2,305,154.06666666666666
1190.1,1216.2,0.2190052519430957,1.8149253006083064,2234.2,2260.5,305,154.83124999999995
1195.8,879.4,0.21832252474996627,3.6509941361083214,3261.6,1564.2,305,155.56774193548392
985.1,586.3,0.2091515341946224,1.4359520740856042,4244.7,1084.9,305,156.32666666666668
615.3,435.8,0.21575989334605855,2.0314429793894595,5085.2,764.7,305,157.02608695652177
343.2,268.0,0.22156616505883497,3.1436489048523284,5943.0,346.8,305,157.98999999999995
202.3,532.8,0.2214861583056294,1.515352956716857,157.2,6008.7,310,150.54166666666666
547.6,850.9,0.22053413523781687,1.845174127188816,529.1,4973.4,310,152.04285714285714
816.6,1149.8,0.2193937511591797,3.049912512769569,920.2,4014.4,310,153.1529411764706
1149.7,1218.8,0.21215312732237188,1.4559245355047528,1541.2,2991.3,310,154.06666666666666
1169.6,1236.2,0.22425364398623054,2.81825839217984,2214.8,2280.4,310,154.83124999999995
1179.6,862.4,0.20795807570596886,0.785495122277813,3278.6,1580.4,310,155.56774193548392
972.5,611.2,0.23241905368482357,2.81073077656697,4219.8,1097.5,310,156.32666666666668
614.8,408.0,0.22545111445520968,2.858517053181571,5113.0,765.2,310,157.02608695652177
332.4,226.4,0.2066818745680385,1.4267205840608062,5984.6,357.6,310,157.98999999999995
224.6,520.2,0.224067020238933,2.50412300697577,169.8,5986.4,315,150.54166666666666
559.7,896.6,0.21915464437503923,2.5059896548235097,483.4,4961.3,315,152.04285714285714
916.4,1078.8,0.2227650634148755,1.535342263132139,991.2,3914.6,315,153.1529411764706
1075.1,1233.7,0.2192314368750173,1.1724738642721746,1526.3,3065.9,315,154.06666666666666
1177.0,1156.8,0.221216583904479,3.174225804149295,2293.9,2273.3,315,154.83124999999995
1135.9,1004.8,0.2296571102628236,2.857167173472402,3136.2,1624.1,315,155.56774193548392
910.0,679.2,0.2126332543472882,2.3771351980799236,4151.8,1160.0,315,156.32666666666668
670.5,383.4,0.22116802192827736,1.5565039617847236,5137.6,709.5,315,157.02608695652177
316.6,329.3,0.22068175598484116,3.169384571554892,5881.7,373.4,315,157.98999999999995
215.5,509.9,0.21249831629283983,1.4327864220995143,180.1,5995.5,320,150.54166666666666
587.4,813.7,0.2242105208247879,3.2315246794265953,566.3,4933.6,320,152.04285714285714
777.9,1118.0,0.2176533033792774,2.736752897809756,952.0,4053.1,320,153.1529411764706
1139.3,1176.1,0.22797647307091434,2.8410953880237457,1583.9,3001.7,320,154.06666666666666
1326.5,1076.8,0.225212580779991,3.1291026764745515,2374.2,2123.5,320,154.83124999999995
1150.0,949.3,0.22313783956682945,1.8432879873938284,3191.7,1610.0,320,155.56774193548392
933.2,643.3,0.22985192937702684,2.8492091175582575,4187.7,1136.8,320,156.32666666666668
599.3,426.9,0.21625370754739034,2.1050051903462723,5094.1,780.7,320,157.02608695652177
338.0,240.6,0.21647838457347138,1.7870914725195948,5970.4,352.0,320,157.98999999999995
243.2,481.4,0.22345077536303487,3.4582700971492577,208.6,5967.8,325,150.54166666666666
561.1,839.6,0.2142608891750622,1.7784177853233494,540.4,4959.9,325,152.04285714285714
778.2,1142.8,0.22017686818550036,2.147258853808397,927.2,4052.8,325,153.1529411764706
1039.2,1241.6,0.2069238875006104,0.7658003365860153,1518.4,3101.8,325,154.06666666666666
1207.3,1068.6,0.22503783371829011,2.5130374666806046,2381.8,2243.3,325,154.83124999999995
1162.4,961.5,0.21179031275633808,1.4660618821325495,3179.5,1597.6,325,155.56774193548392
937.6,710.8,0.22155270009939726,1.905868310716435,4120.2,1132.4,325,156.32666666666668
601.1,389.2,0.21858648118634902,2.318686520750468,5131.8,778.9,325,157.02608695652177
335.0,244.3,0.2242383359879557,2.4507510119740115,5966.7,355.0,325,157.98999999999995
227.9,512.0,0.20848404530254222,1.6998601782385445,178.0,5983.1,330,150.54166666666666
488.5,895.5,0.2131714077296362,2.341186773555434,484.5,5032.5,330,152.04285714285714
772.2,1140.3,0.22894823057467312,3.2328969615582404,929.7,4058.8,330,153.1529411764706
1034.6,1268.6,0.2272496801621462,2.9270480553298697,1491.4,3106.4,330,154.06666666666666
1177.0,1220.2,0.23363804168472094,3.264315151941658,2230.8,2273.0,330,154.83124999999995
1251.5,840.0,0.21818972290675695,2.7385631054915645,3301.0,1508.5,330,155.56774193548392
909.2,704.9,0.22048274568024623,2.4389705150855066,4126.1,1160.8,330,156.32666666666668
613.0,398.8,0.2169244809973836,1.4926654550347318,5122.2,767.0,330,157.02608695652177
369.4,184.2,0.223970233914,1.918772012025706,6026.8,320.6,330,157.98999999999995
233.3,504.5,0.2247093843501205,2.199417133706312,185.5,5977.7,335,150.54166666666666
540.1,818.8,0.22469246288858719,2.2081516489778137,561.2,4980.9,335,152.04285714285714
815.8,1097.6,0.20672810375926964,1.7661089254201046,972.4,4015.2,335,153.1529411764706
1079.4,1214.4,0.225115086772129,1.9260919479947511,1545.6,3061.6,335,154.06666666666666
1154.2,1196.4,0.21102994638408026,1.4190838748506094,2254.0,2296.4,335,154.83124999999995
1092.3,1029.2,0.20966978864167327,1.436809128798409,3111.8,1667.7,335,155.56774193548392
936.3,781.5,0.21774662269032968,2.3756215011449884,4049.5,1133.7,335,156.32666666666668
631.5,368.2,0.2187618528016957,2.8535619803576227,5152.8,748.5,335,157.02608695652177
342.8,223.5,0.21656280947875053,2.1192761771124267,5987.5,347.2,335,157.98999999999995
268.9,512.3,0.21312296230191582,2.067047046693988,177.7,5942.1,340,150.54166666666666
525.3,856.3,0.22403972348045625,3.377787278103188,523.7,4995.7,340,152.04285714285714
883.2,1148.6,0.21311161790246702,2.462798335574561,921.4,3947.8,340,153.1529411764706
965.7,1309.0,0.20974383212488132,2.3268768310829833,1451.0,3175.3,340,154.06666666666666
1167.3,1190.9,0.21040940124266272,1.762495832523895,2260.1,2282.7,340,154.83124999999995
1158.5,840.1,0.2243893803335905,3.4541911706471824,3300.9,1601.5,340,155.56774193548392
1020.9,563.4,0.20806578356088648,2.074470174069928,4267.6,1049.1,340,156.32666666666668
650.8,349.5,0.21135871815420856,2.079893399681654,5171.5,729.2,340,157.02608695652177
319.0,245.8,0.22717219713491055,2.495546460556928,5965.2,371.0,340,157.98999999999995
270.6,505.3,0.21735329100755335,2.1582548280521765,184.7,5940.4,345,150.54166666666666
522.2,868.8,0.21949252532039157,1.183385592616404,511.2,4998.8,345,152.04285714285714
846.0,1076.1,0.20853036298089336,2.3931349228842054,993.9,3985.0,345,153.1529411764706
1078.0,1165.4,0.20619062304057006,1.3929652195908506,1594.6,3063.0,345,154.06666666666666
1173.4,1153.9,0.22020546097618357,2.806373730987147,2297.0,2276.7,345,154.83124999999995
1143.2,925.1,0.209391528334239,2.0418292868518453,3215.9,1616.8,345,155.56774193548392
948.9,641.2,0.2157954123241251,2.0718232129939045,4189.8,1121.1,345,156.32666666666668
620.7,394.3,0.20610679794467962,1.4235963287902869,5126.7,759.3,345,157.02608695652177
346.4,237.7,0.21965465448569335,2.4720734041202452,5973.3,343.6,345,157.98999999999995
243.8,513.8,0.21619890867751296,2.1725135498958013,176.2,5967.2,350,150.54166666666666
534.2,876.6,0.2108456486925489,1.456099795273851,503.4,4986.8,350,152.04285714285714
845.2,1051.8,0.21421485699345158,2.1635062290734965,1018.2,3985.8,350,153.1529411764706
978.8,1325.7,0.21134289215741134,1.7767213431165092,1434.3,3162.2,350,154.06666666666666
1202.2,1129.5,0.21625725755685452,2.95387238082037,2321.5,2247.8,350,154.83124999999995
1171.5,926.2,0.218427497614802,3.099995246113633,3214.8,1588.5,350,155.56774193548392
866.6,726.7,0.21665593295891222,1.777192959601453,4104.3,1203.4,350,156.32666666666668
675.7,360.8,0.2117309418240898,1.7970437652827456,5160.2,704.3,350,157.02608695652177
352.2,227.6,0.2164703212585224,2.4181485802134457,5983.4,337.8,350,157.98999999999995
297.4,457.4,0.21376430256180967,3.002839610770045,232.6,5913.6,355,150.54166666666666
567.5,870.9,0.21158693562924302,2.393823808239641,509.1,4953.5,355,152.04285714285714
843.9,1113.8,0.2086065932822921,1.769289165560345,956.2,3987.1,355,153.1529411764706
1016.6,1268.2,0.21776261372508735,3.0654644967530222,1491.8,3124.4,355,154.06666666666666
1239.9,1090.9,0.20851187650798436,1.4279211145779027,2359.7,2210.5,355,154.83124999999995
1116.2,983.4,0.2254169141007747,3.077351464115247,3157.6,1643.8,355,155.56774193548392
941.8,633.3,0.2235395082198351,2.7162883351934486,4197.7,1128.2,355,156.32666666666668
649.1,369.0,0.22366610573160167,2.1299735221801193,5152.0,730.9,355,157.02608695652177
279.6,284.5,0.21448155605798233,2.4186220826900575,5926.5,410.4,355,157.98999999999995
250.6,485.7,0.22947713841617728,3.586196940848965,204.3,5960.4,360,150.54166666666666
592.5,789.6,0.21916822663276236,2.161492542610928,590.4,4928.5,360,152.04285714285714
781.4,1161.4,0.21563936384718532,1.4888474810202799,908.6,4049.6,360,153.1529411764706
1077.3,1179.8,0.2047323807428072,0.7647543132379546,1580.2,3063.7,360,154.06666666666666
1234.2,1138.8,0.21043305686386726,1.7630333078642693,2312.2,2215.8,360,154.83124999999995
1214.8,873.6,0.20849139224119165,1.1493346970871932,3267.4,1545.2,360,155.56774193548392
935.8,658.4,0.20870579643759543,1.7317228739649146,4172.6,1134.2,360,156.32666666666668
598.5,372.8,0.2148150445569184,2.6830108469107334,5148.2,781.5,360,157.02608695652177
349.8,230.0,0.20770672731986722,1.4276547674524704,5981.0,340.2,360,157.98999999999995
293.2,481.9,0.2127962570361192,2.117877808322203,208.1,5917.8,365,150.54166666666666
544.0,873.5,0.20435334514120163,0.7678557497486022,506.5,4977.0,365,152.04285714285714
777.3,1130.0,0.21580782295483275,1.1838058526477457,940.0,4053.7,365,153.1529411764706
1000.1,1329.3,0.21676894871089175,2.1170728610087095,1430.7,3140.9,365,154.06666666666666
1280.8,1032.8,0.23296628495074248,3.874802486057842,2417.7,2169.7,365,154.83124999999995
1112.3,980.3,0.2245989622138224,2.5411449164631588,3160.7,1647.7,365,155.56774193548392
917.1,667.1,0.21110029481557263,1.4946229071862356,4163.9,1152.9,365,156.32666666666668
628.7,376.3,0.21296118646296422,2.40112247596233,5144.7,751.3,365,157.02608695652177
267.2,280.7,0.20533359117533437,1.6795115987196165,5930.3,422.8,365,157.98999999999995
307.8,448.7,0.22165996244057934,2.2226839813948063,241.3,5903.2,370,150.54166666666666
582.5,824.6,0.21396783287696844,1.198794046038691,555.4,4938.5,370,152.04285714285714
887.0,1112.2,0.21922696106670783,2.696605415162203,957.8,3944.0,370,153.1529411764706
1041.4,1220.0,0.21683867390706194,1.7936563198633693,1540.0,3099.6,370,154.06666666666666
1123.4,1203.1,0.2128281144552207,1.5180316535190392,2247.9,2326.6,370,154.83124999999995
1144.0,920.9,0.21617249721619441,2.393638808467791,3220.1,1616.0,370,155.56774193548392
911.3,669.9,0.23519671563837422,3.8394163876157306,4161.1,1158.7,370,156.32666666666668
576.0,446.1,0.2225429491809269,2.1756752128693226,5074.9,804.0,370,157.02608695652177
318.4,252.7,0.21399519113316723,1.7853633239216204,5958.3,371.6,370,157.98999999999995
248.6,499.7,0.2130495664169226,2.049781721396714,190.3,5962.4,375,150.54166666666666
565.0,815.2,0.21985734061139312,1.8923414767521194,564.8,4956.0,375,152.04285714285714
845.5,1062.1,0.22279818537714274,3.392327723140408,1007.9,3985.5,375,153.1529411764706
1069.5,1245.1,0.2109861127427523,0.789096225920844,1514.9,3071.5,375,154.06666666666666
1157.7,1111.9,0.2101647714160657,1.4949536571326258,2338.5,2292.9,375,154.83124999999995
1128.1,1002.5,0.21159567556667333,1.4143236403785786,3138.5,1631.9,375,155.56774193548392
904.9,628.5,0.21887767290719595,2.235498557200784,4202.5,1165.1,375,156.32666666666668
652.1,372.7,0.23143137781997378,3.130988117361721,5148.3,727.9,375,157.02608695652177
381.0,188.8,0.22656341869994576,2.712608782178766,6022.2,309.0,375,157.98999999999995
223.3,508.4,0.21878586339012568,2.1764968944302914,181.6,5987.7,380,150.54166666666666
575.7,839.3,0.22256475196246767,3.0141766794357667,540.7,4945.3,380,152.04285714285714
771.0,1160.9,0.23277463484212407,4.0365750560490286,909.1,4060.0,380,153.1529411764706
1070.0,1188.2,0.21743567868144428,2.4572688958135096,1571.8,3071.0,380,154.06666666666666
1181.4,1194.8,0.22172288640623838,2.372110648231143,2256.2,2268.6,380,154.83124999999995
1149.5,910.5,0.20721529454575255,1.73928563864811,3230.5,1610.5,380,155.56774193548392
971.5,603.0,0.21524403105556994,2.1388587214328627,4228.0,1098.5,380,156.32666666666668
656.6,322.1,0.21776601795603107,1.790166681825334,5198.9,723.4,380,157.02608695652177
276.6,285.1,0.2077159267723289,1.6983065925623753,5925.9,413.4,380,157.98999999999995
236.8,500.6,0.2193098259540664,2.829735660822158,189.4,5974.2,385,150.54166666666666
560.7,870.0,0.22530038774870725,1.5885698038345628,510.0,4960.3,385,152.04285714285714
809.9,1102.8,0.20656370730712426,1.4535703407588014,967.2,4021.1,385,153.1529411764706
953.4,1324.7,0.21476488502716787,2.416613470857133,1435.3,3187.6,385,154.06666666666666
1231.3,1082.6,0.22354072029449182,3.095368654538262,2367.9,2219.2,385,154.83124999999995
1185.3,925.4,0.21807555090621725,2.4626748162737337,3215.6,1574.7,385,155.56774193548392
990.7,555.3,0.21510894816551068,1.7142636820616715,4275.7,1079.3,385,156.32666666666668
559.4,418.0,0.2189213516589299,2.50049750219526,5103.0,820.6,385,157.02608695652177
409.3,177.9,0.20447159991272676,1.3764626471648058,6033.1,280.7,385,157.98999999999995
265.1,527.8,0.21864561025908508,2.0904830161147445,162.2,5945.9,390,150.54166666666666
542.2,811.5,0.22322014225344516,3.035824231071061,568.5,4978.8,390,152.04285714285714
860.5,1117.8,0.2274328380876654,4.373107363558747,952.2,3970.5,390,153.1529411764706
908.7,1337.6,0.2140442462560584,2.06263072152051,1422.4,3232.3,390,154.06666666666666
1075.4,1255.3,0.21828244428935367,2.798691582931258,2195.7,2374.6,390,154.83124999999995
1127.5,988.2,0.20898208331797533,1.749910576840931,3152.8,1632.5,390,155.56774193548392
926.7,669.7,0.205347219279085,1.6902390070869082,4161.3,1143.3,390,156.32666666666668
680.6,310.6,0.21041992403887785,0.8284009490209614,5210.4,699.4,390,157.02608695652177
356.0,198.5,0.21444981278643702,2.380541052204671,6012.5,334.0,390,157.98999999999995
209.3,526.2,0.2135826941368984,1.836057249993138,163.8,6001.7,395,150.54166666666666
612.4,788.5,0.2123804315060887,2.028730538557928,591.5,4908.6,395,152.04285714285714
827.0,1105.8,0.22049902022297635,2.117982065612143,964.2,4004.0,395,153.1529411764706
1064.5,1187.9,0.2158545803016406,1.4843284608936294,1572.1,3076.5,395,154.06666666666666
1191.7,1116.8,0.2106283748192191,1.0980469232041434,2334.0,2258.5,395,154.83124999999995
1165.9,894.5,0.22768974290400096,2.855013915094635,3246.5,1594.1,395,155.56774193548392
973.2,588.8,0.22319691442616887,3.582588785127483,4242.2,1096.8,395,156.32666666666668
566.6,424.9,0.2063180404341181,1.4347874094069808,5096.1,813.4,395,157.02608695652177
363.6,207.9,0.21675547591569577,2.115432644667442,6003.1,326.4,395,157.98999999999995
222.6,505.5,0.21957269445782948,1.8539631430891628,184.5,5988.4,400,150.54166666666666
589.8,806.4,0.21548774567642276,2.130043080774464,573.6,4931.2,400,152.04285714285714
850.2,1075.1,0.208689415931673,2.054292611859506,994.9,3980.8,400,153.1529411764706
1084.9,1169.7,0.2112864220583283,2.6593268492133513,1590.3,3056.1,400,154.06666666666666
1268.2,1040.5,0.20517918683861286,2.007353863094798,2410.5,2181.8,400,154.83124999999995
1114.4,914.6,0.20928677385438058,2.0737000316267182,3226.4,1645.6,400,155.56774193548392
946.9,605.4,0.2175283601135069,2.601774089709674,4225.6,1123.1,400,156.32666666666668
609.8,378.8,0.21304284155045417,2.446082680279976,5142.2,770.2,400,157.02608695652177
288.1,243.4,0.23125943666018775,3.8712316888009726,5967.6,401.9,400,157.98999999999995
218.3,530.1,0.20783725961551086,1.9689638085646628,159.9,5992.7,405,150.54166666666666
511.4,851.6,0.2278481594091295,2.5493856662173795,528.4,5009.6,405,152.04285714285714
825.5,1091.4,0.21044908552912958,2.0604787963475957,978.6,4005.5,405,153.1529411764706
1142.2,1134.7,0.21146341826363585,1.4693990161312307,1625.3,2998.8,405,154.06666666666666
1206.7,1082.1,0.21362932910572136,2.085020813436257,2368.4,2243.8,405,154.83124999999995
1155.9,933.2,0.2032278703033262,1.3931592179815957,3207.8,1604.1,405,155.56774193548392
929.6,640.9,0.21792722494121675,1.7882716762314392,4190.1,1140.4,405,156.32666666666668
633.3,352.6,0.2126013887260041,2.160105114145755,5168.4,746.7,405,157.02608695652177
345.9,239.7,0.21588443276257738,2.425705750107461,5971.3,344.1,405,157.98999999999995
218.6,495.3,0.19532215688568774,1.0124705082484167,194.7,5992.4,410,150.54166666666666
535.2,868.8,0.20977902691469796,2.7205246568135726,511.2,4985.8,410,152.04285714285714
806.8,1093.8,0.20937153317832205,1.7260569556220173,976.2,4024.2,410,153.1529411764706
1092.2,1140.5,0.20643806657809102,2.029890524386688,1619.5,3048.8,410,154.06666666666666
1250.9,1074.0,0.2241051866187948,2.812787530940452,2377.0,2199.1,410,154.83124999999995
1124.3,970.8,0.22067284859876096,2.1678132185050716,3170.2,1635.7,410,155.56774193548392
983.8,556.2,0.21373854157765537,1.529799144978722,4274.8,1086.2,410,156.32666666666668
646.7,339.4,0.21051387487658074,2.0384468385217214,5181.6,733.3,410,157.02608695652177
384.7,192.8,0.21096586802493628,1.673574146323452,6018.2,305.3,410,157.98999999999995
224.8,498.8,0.20314510255677348,1.0981770764504555,191.2,5986.2,415,150.54166666666666
542.4,828.9,0.21122102652532365,2.401756393528543,551.1,4978.6,415,152.04285714285714
783.1,1136.0,0.20274813649998097,1.6744082248755412,934.0,4047.9,415,153.1529411764706
1065.9,1214.7,0.23209944764737706,4.243472392182065,1545.3,3075.1,415,154.06666666666666
1243.3,1078.1,0.20172274995327116,2.0693335314514876,2372.2,2207.4,415,154.83124999999995
1083.4,974.2,0.21525882728216833,2.02683567816962,3166.8,1676.6,415,155.56774193548392
951.7,570.9,0.206403816492646,1.9407276795608204,4260.1,1118.3,415,156.32666666666668
626.2,357.2,0.21191079289152373,2.3915064548629603,5163.8,753.8,415,157.02608695652177
260.0,295.5,0.2157817307261055,3.1255263641186826,5915.5,430.0,415,157.98999999999995
232.1,493.0,0.20804757201800142,1.7377187429670466,197.0,5978.9,420,150.54166666666666
536.0,877.9,0.2121328241459995,1.8106557094869977,502.1,4985.0,420,152.04285714285714
792.0,1098.4,0.2200482553170009,2.514848121623691,971.6,4039.0,420,153.1529411764706
1100.3,1150.4,0.20825211433907734,1.0997372080851973,1609.6,3040.7,420,154.06666666666666
1154.4,1170.5,0.2180776018295701,2.8063131982243386,2280.5,2295.6,420,154.83124999999995
1141.0,917.7,0.20602943306373728,1.7714023183000496,3223.3,1619.0,420,155.56774193548392
937.9,639.6,0.21718503788618287,2.7123104746348767,4191.4,1132.1,420,156.32666666666668
602.4,419.6,0.21547406251944817,1.770720841113303,5101.4,777.6,420,157.02608695652177
316.3,243.7,0.21055936013127438,2.5931523647329704,5967.3,373.7,420,157.98999999999995
190.6,534.8,0.21061248425759777,2.3248876545077857,155.2,6020.4,425,150.54166666666666
491.5,860.2,0.22592442766891901,3.1821330738507894,519.8,5029.5,425,152.04285714285714
888.4,1048.9,0.2148224243279671,1.8489572432743635,1021.1,3942.6,425,153.1529411764706
985.9,1273.2,0.20778493766505407,2.3097712105807977,1486.8,3155.1,425,154.06666666666666
1185.1,1141.5,0.21103027191140217,2.6181862342037476,2308.8,2265.6,425,154.83124999999995
1107.4,990.5,0.21379935267011022,2.1259543875242795,3150.5,1652.6,425,155.56774193548392
919.8,603.6,0.21134504337243717,2.34829948414912,4227.4,1150.2,425,156.32666666666668
637.1,306.4,0.2161615227842538,2.0739560474672594,5214.6,742.9,425,157.02608695652177
370.8,185.6,0.2030776445808978,1.3713926554500468,6025.4,319.2,425,157.98999999999995
206.5,536.7,0.2050297709148346,1.3699013632365598,153.3,6004.5,430,150.54166666666666
530.9,831.9,0.21164525565627562,1.7882724660854912,548.1,4990.1,430,152.04285714285714
735.2,1149.6,0.221530357768021,2.814461626350161,920.4,4095.8,430,153.1529411764706
1102.0,1127.6,0.20773572035177995,2.093980226187804,1632.4,3039.0,430,154.06666666666666
1120.2,1153.4,0.2174827713031841,3.0705929209567926,2297.6,2329.8,430,154.83124999999995
1027.4,1004.1,0.2196962687772615,3.335965445441764,3136.9,1732.6,430,155.56774193548392
936.2,644.8,0.20915920975490296,1.4428699113246375,4186.2,1133.8,430,156.32666666666668
620.7,358.5,0.20777758937491697,1.7597612771777065,5162.5,759.3,430,157.02608695652177
347.8,224.6,0.20359992316359166,1.6411108176721676,5986.4,342.2,430,157.98999999999995
224.8,509.3,0.21064418183379274,1.793567515417617,180.7,5986.2,435,150.54166666666666
502.0,830.6,0.20160690359925004,1.3883109210329219,549.4,5019.0,435,152.04285714285714
859.6,1030.7,0.21622416172010364,2.3729031365745876,1039.3,3971.4,435,153.1529411764706
1086.8,1195.2,0.20393228435786054,1.9669694384135066,1564.8,3054.2,435,154.06666666666666
1174.1,1165.9,0.21589634045509903,1.7484107004213751,2284.6,2276.4,435,154.83124999999995
1051.1,1008.2,0.21297980836301184,2.376134555009729,3132.8,1708.9,435,155.56774193548392
1014.1,530.1,0.21017008316243482,2.072208833247995,4300.9,1055.9,435,156.32666666666668
654.5,326.6,0.20548016043447706,1.719666743561265,5194.4,725.5,435,157.02608695652177
340.0,214.7,0.22408931652681469,1.8779819549422236,5996.3,350.0,435,157.98999999999995
221.5,478.6,0.21336050325247688,2.4108205658737147,211.4,5989.5,440,150.54166666666666
532.7,823.2,0.21381581140849656,3.005054660043446,556.8,4988.3,440,152.04285714285714
823.8,1080.3,0.22061964445257845,2.477936987243121,989.7,4007.2,440,153.1529411764706
975.1,1294.7,0.2188244224812904,2.1241258734697017,1465.3,3165.9,440,154.06666666666666
1239.4,1010.1,0.21560890280908124,1.7694015566949566,2440.9,2210.6,440,154.83124999999995
1078.7,950.8,0.2100576998462551,1.4257576559379987,3190.2,1681.3,440,155.56774193548392
968.3,555.8,0.21267869290326216,1.5251047760469008,4275.2,1101.7,440,156.32666666666668
594.9,402.0,0.20995248595777158,2.0848008299059777,5119.0,785.1,440,157.02608695652177
359.2,187.0,0.21157860432927272,2.09009984764743,6024.0,330.8,440,157.98999999999995
248.0,490.0,0.2091076049097244,1.9787163443281652,200.0,5963.0,445,150.54166666666666
581.1,755.9,0.20718084321880292,1.7431993954932505,624.1,4939.9,445,152.04285714285714
791.5,1088.9,0.21188479912101138,1.752375490926012,981.1,4039.5,445,153.1529411764706
1037.5,1232.1,0.20419597815644316,1.6858537327279257,1527.9,3103.5,445,154.06666666666666
1161.7,1194.0,0.2150585077037963,2.4875266002636804,2256.5,2288.8,445,154.83124999999995
1175.6,863.1,0.19940987059679427,0.7457124936710355,3277.9,1584.4,445,155.56774193548392
966.7,547.2,0.20748965820766557,1.7947420734719906,4283.8,1103.3,445,156.32666666666668
594.2,377.0,0.22144627679983256,2.748691947846741,5144.0,785.8,445,157.02608695652177
319.3,248.2,0.20657211998113628,1.7474721792665164,5962.8,370.7,445,157.98999999999995
244.7,490.3,0.2093224911712165,1.4134449585337314,199.7,5966.3,450,150.54166666666666
567.0,802.5,0.21471107246050938,1.8480143932025928,577.5,4954.0,450,152.04285714285714
781.8,1130.9,0.2095709857366624,1.7208605314744052,939.1,4049.2,450,153.1529411764706
974.4,1255.5,0.21136830450705704,2.0945114346455886,1504.5,3166.6,450,154.06666666666666
1168.5,1208.6,0.20545817112916231,1.4723832355406246,2242.4,2281.5,450,154.83124999999995
1145.8,903.9,0.20424026177424975,1.4018049151125485,3237.1,1614.2,450,155.56774193548392
943.7,612.5,0.20624206601219627,1.0795566506002205,4218.5,1126.3,450,156.32666666666668
636.5,316.9,0.21275526692382313,2.431661700730742,5204.1,743.5,450,157.02608695652177
298.4,257.8,0.2028941606027054,1.9866466888677263,5953.2,391.6,450,157.98999999999995
263.2,484.2,0.2114178475117207,3.0476663082356703,205.8,5947.8,455,150.54166666666666
514.3,837.5,0.2146009764377296,1.8030816160275944,542.5,5006.7,455,152.04285714285714
772.5,1120.0,0.21318575011041943,2.6700188036235364,950.0,4058.5,455,153.1529411764706
1011.4,1274.4,0.20862443009203968,1.439453720130419,1485.6,3129.6,455,154.06666666666666
1123.5,1188.4,0.21342966594076787,2.0645885797377055,2262.2,2326.9,455,154.83124999999995
1092.5,940.2,0.20893184774247767,1.1207702714077128,3200.8,1667.5,455,155.56774193548392
1008.0,511.7,0.20407346424157505,2.0192059377748603,4319.3,1062.0,455,156.32666666666668
552.4,427.0,0.20965717071907805,1.6833219783389652,5094.0,827.6,455,157.02608695652177
308.8,237.7,0.20384334106449317,2.031380237232197,5973.3,381.2,455,157.98999999999995
232.4,493.8,0.21549231430853039,3.5294798703853365,196.2,5978.6,460,150.54166666666666
563.6,786.3,0.20527499972583546,2.0175766944933375,593.7,4957.4,460,152.04285714285714
795.8,1083.8,0.20918520235526478,2.626350799300204,986.2,4035.2,460,153.1529411764706
1124.7,1100.5,0.2202835153205704,2.157371671670441,1659.5,3016.3,460,154.06666666666666
1165.5,1154.2,0.1996642481872445,0.7407461762175573,2296.8,2284.5,460,154.83124999999995
1164.8,923.4,0.2078978572674422,2.0372149639798836,3217.6,1595.2,460,155.56774193548392
949.4,556.3,0.20801172644205956,2.2971826779907705,4274.7,1120.6,460,156.32666666666668
638.7,328.4,0.20283417338915494,1.055442694723354,5192.6,741.3,460,157.02608695652177
296.4,267.9,0.20806129633781006,1.9930548381907254,5943.1,393.6,460,157.98999999999995
196.8,492.3,0.2037131015014045,1.0517992709639992,197.7,6014.2,465,150.54166666666666
534.2,837.6,0.20733995463418844,1.0601048712225842,542.4,4986.8,465,152.04285714285714
812.9,1084.7,0.21157949753621508,2.3727967307165185,985.3,4018.1,465,153.1529411764706
1042.5,1228.5,0.2148428142680167,2.071221985384125,1531.5,3098.5,465,154.06666666666666
1193.6,1068.2,0.21256210924300184,2.40937717990336,2382.2,2257.0,465,154.83124999999995
1124.7,932.9,0.21410345380721685,2.6811724816612843,3208.1,1635.3,465,155.56774193548392
970.5,591.8,0.22447777449473133,3.3843408920168714,4239.2,1099.5,465,156.32666666666668
638.6,332.0,0.2254215842573236,3.5077749649173855,5189.0,741.4,465,157.02608695652177
321.8,243.7,0.20772183721308307,2.3805182054898637,5967.3,368.2,465,157.98999999999995
218.5,502.8,0.21519422980216416,2.1116303457263226,187.2,5992.5,470,150.54166666666666
549.0,792.1,0.19839835355405314,1.309852775465882,587.9,4972.0,470,152.04285714285714
791.1,1107.8,0.21116641066444003,1.8396989171158709,962.2,4039.9,470,153.1529411764706
957.6,1222.1,0.20365071397359197,2.3054677545453357,1537.9,3183.4,470,154.06666666666666
1156.7,1107.8,0.20793880706632684,1.7628708252066179,2343.2,2293.3,470,154.83124999999995
1087.0,925.4,0.20621033614664505,1.4146174432988765,3215.6,1673.0,470,155.56774193548392
963.8,525.9,0.21593713484063853,2.9938722786715948,4305.1,1106.2,470,156.32666666666668
635.1,313.0,0.20662654469740546,1.4226192252049121,5208.0,744.9,470,157.02608695652177
356.7,205.6,0.22218725094090463,3.6751390566816546,6005.4,333.3,470,157.98999999999995
248.4,503.1,0.20733670275317312,1.3993111186936393,186.9,5962.6,475,150.54166666666666
450.4,906.4,0.2058633483597049,1.4446754459657076,473.6,5070.6,475,152.04285714285714
727.6,1130.8,0.21461593673796003,1.8451540482496764,939.2,4103.4,475,153.1529411764706
983.4,1237.6,0.20869964018312306,1.7673235118230486,1522.4,3157.6,475,154.06666666666666
1154.5,1115.8,0.2038014811972622,1.0376700194902102,2334.5,2296.2,475,154.83124999999995
1163.6,867.2,0.20583189830053464,1.383824750685014,3273.8,1596.4,475,155.56774193548392
881.2,715.6,0.22052403670023532,3.0143109515086914,4115.4,1188.8,475,156.32666666666668
605.5,400.9,0.2061271151018628,1.433698915062298,5120.1,774.5,475,157.02608695652177
306.7,234.3,0.21138061966357546,1.7537050850322469,5976.7,383.3,475,157.98999999999995
239.7,493.0,0.2098820244126777,2.660400578483306,197.0,5971.3,480,150.54166666666666
502.4,832.0,0.20536735983939827,1.6939953539852806,548.0,5018.6,480,152.04285714285714
786.6,1082.3,0.2229602537181629,3.39903829781915,987.7,4044.4,480,153.1529411764706
1084.5,1167.5,0.20553626380019135,2.5943886668055844,1592.5,3056.5,480,154.06666666666666
1093.3,1165.2,0.21674759339870234,2.7561822010392882,2285.8,2356.7,480,154.83124999999995
1195.3,840.3,0.21491794376367085,2.4849469301344262,3300.7,1564.7,480,155.56774193548392
991.5,578.7,0.20861805691237553,1.7573872400897197,4252.3,1078.5,480,156.32666666666668
628.0,347.7,0.20992411136762468,2.026824232809484,5173.3,752.0,480,157.02608695652177
314.8,237.2,0.20906708583877892,1.7267903365794885,5973.8,375.2,480,157.98999999999995
237.3,474.7,0.20404474993101968,0.77234643624927,215.3,5973.7,485,150.54166666666666
510.1,849.0,0.19808900489396358,0.9996985495546895,531.0,5010.9,485,152.04285714285714
808.2,1084.3,0.22149219644861393,2.7905051856972944,985.7,4022.8,485,153.1529411764706
989.5,1268.6,0.21267117672185515,2.2930321138304324,1491.4,3151.5,485,154.06666666666666
1194.0,1158.8,0.20988962502955047,2.1145288095966994,2291.9,2256.3,485,154.83124999999995
1187.1,871.2,0.20464668316091253,1.074056546582886,3269.8,1572.9,485,155.56774193548392
932.3,572.9,0.19637087253451316,1.0348215564638967,4258.1,1137.7,485,156.32666666666668
633.8,329.3,0.20715153284398008,1.7142104277479053,5191.7,746.2,485,157.02608695652177
335.5,240.4,0.2111325528921057,2.340299553827955,5970.6,354.5,485,157.98999999999995
203.3,471.7,0.21218272549124945,2.342240817284183,218.3,6007.7,490,150.54166666666666
520.6,820.4,0.20670861950066927,1.7319062297555483,559.6,5000.4,490,152.04285714285714
727.1,1132.0,0.22027152846168851,2.8055496194833274,938.0,4103.9,490,153.1529411764706
1077.8,1191.6,0.20728892308914473,1.107654008633323,1568.4,3063.2,490,154.06666666666666
1332.7,972.2,0.20510710231410326,1.3616666548560092,2478.8,2117.3,490,154.83124999999995
1147.4,912.8,0.19829947167990442,1.3507397173579443,3228.2,1612.6,490,155.56774193548392
906.3,682.7,0.22081042516838334,3.0725372673877445,4148.3,1163.7,490,156.32666666666668
662.6,313.0,0.2112765902114392,1.6835393606091003,5208.0,717.4,490,157.02608695652177
333.1,232.1,0.19874927943122606,1.0414043594373332,5978.9,356.9,490,157.98999999999995
230.0,486.6,0.2133718188058876,2.0981800102966046,203.4,5981.0,495,150.54166666666666
534.6,856.5,0.2097653462585666,2.0189533141256537,523.5,4986.4,495,152.04285714285714
850.3,1076.1,0.21419613060823312,1.8034649119422095,993.9,3980.7,495,153.1529411764706
969.6,1253.4,0.2085210913190673,2.0189687263945237,1506.6,3171.4,495,154.06666666666666
1054.6,1207.6,0.2017019336489226,1.3709231871638143,2243.3,2395.5,495,154.83124999999995
1136.0,909.6,0.21586421214382243,2.6507367942728064,3231.4,1624.0,495,155.56774193548392
933.9,578.7,0.21088953679731065,2.290513766683489,4252.3,1136.1,495,156.32666666666668
606.1,365.6,0.21494439725331055,3.4104035459860476,5155.4,773.9,495,157.02608695652177
343.3,223.3,0.21966448490677654,2.1716561560351586,5987.7,346.7,495,157.98999999999995
240.8,485.1,0.2150322105058434,2.7321363066965714,204.9,5970.2,500,150.54166666666666
499.8,827.5,0.2099249713947656,2.016439779349837,552.5,5021.2,500,152.04285714285714
766.3,1099.7,0.20190535326865106,1.6989617183048147,970.3,4064.7,500,153.1529411764706
970.2,1186.0,0.20532600254300926,1.7506787225065181,1574.0,3170.8,500,154.06666666666666
1078.4,1185.8,0.21961048648720333,3.1127082281778056,2265.2,2371.6,500,154.83124999999995
1101.4,908.2,0.20637591310067985,1.4362692797981522,3232.8,1658.6,500,155.56774193548392
1004.0,499.4,0.2169719163695702,2.6873176300793773,4331.6,1066.0,500,156.32666666666668
634.0,301.3,0.20334524658901193,1.0454439186882631,5219.7,746.0,500,157.02608695652177
361.6,222.2,0.21177303423763974,1.7618445727085477,5988.8,328.4,500,157.98999999999995
